INSERT INTO ProductCategories (id, name) VALUES 
(1, "Accessories"),
(2, "Fitness"),
(3, "Clothing"),
(4, "Electronics");

INSERT INTO Products (id, code, name, description, image, Category_id, deleted ) VALUES 
(1000,"f230fh0g3","Bamboo Watch","Product Description", "bamboo-watch.jpg", 1, 0),
(1001,"nvklal433","Black Watch","Product Description", "black-watch.jpg", 1, 0),
(1002,"zz21cz3c1","Blue Band","Product Description", "blue-band.jpg", 2, 0),
(1003,"244wgerg2","Blue T-Shirt","Product Description", "blue-t-shirt.jpg", 3, 0),
(1004,"h456wer53","Bracelet","Product Description", "bracelet.jpg", 1, 0),
(1005,"av2231fwg","Brown Purse","Product Description", "brown-purse.jpg", 1, 0),
(1006,"bib36pfvm","Chakra Bracelet","Product Description", "chakra-bracelet.jpg", 1, 0),
(1007,"mbvjkgip5","Galaxy Earrings","Product Description", "galaxy-earrings.jpg", 1, 0),
(1008,"vbb124btr","Game Controller","Product Description", "game-controller.jpg", 4, 0),
(1009,"cm230f032","Gaming Set","Product Description", "gaming-set.jpg", 4, 0),
(1010,"plb34234v","Gold Phone Case","Product Description", "gold-phone-case.jpg", 1, 0),
(1011,"4920nnc2d","Green Earbuds","Product Description", "green-earbuds.jpg", 4, 0),
(1012,"250vm23cc","Green T-Shirt","Product Description", "green-t-shirt.jpg", 3, 0),
(1013,"fldsmn31b","Grey T-Shirt","Product Description", "grey-t-shirt.jpg", 3, 0),
(1014,"waas1x2as","Headphones","Product Description", "headphones.jpg", 4, 0),
(1015,"vb34btbg5","Light Green T-Shirt","Product Description", "light-green-t-shirt.jpg", 3, 0),
(1016,"k8l6j58jl","Lime Band","Product Description", "lime-band.jpg", 2, 0),
(1017,"v435nn85n","Mini Speakers","Product Description", "mini-speakers.jpg", 3, 0),
(1018,"09zx9c0zc","Painted Phone Case","Product Description", "painted-phone-case.jpg", 1, 0),
(1019,"mnb5mb2m5","Pink Band","Product Description", "pink-band.jpg", 2, 0),
(1020,"r23fwf2w3","Pink Purse","Product Description", "pink-purse.jpg", 1, 0),
(1021,"pxpzczo23","Purple Band","Product Description", "purple-band.jpg", 2, 0),
(1022,"2c42cb5cb","Purple Gemstone Necklace","Product Description", "purple-gemstone-necklace.jpg", 1, 0),
(1023,"5k43kkk23","Purple T-Shirt","Product Description", "purple-t-shirt.jpg", 3, 0),
(1024,"lm2tny2k4","Shoes","Product Description", "shoes.jpg", 3, 0),
(1025,"nbm5mv45n","Sneakers","Product Description", "sneakers.jpg", 3, 0),
(1026,"zx23zc42c","Teal T-Shirt","Product Description", "teal-t-shirt.jpg", 3, 0),
(1027,"acvx872gc","Yellow Earbuds","Product Description", "yellow-earbuds.jpg", 4, 0),
(1028,"tx125ck42","Yoga Mat","Product Description", "yoga-mat.jpg", 2, 0),
(1029,"gwuby345v","Yoga Set","Product Description", "yoga-set.jpg", 2, 0);

INSERT INTO ProductsPrices (Product_id, date_start, date_end, price ) VALUES 
(1000,NOW(),NULL, "65"),
(1001,NOW(),NULL, "72"),
(1002,NOW(),NULL, "79"),
(1003,NOW(),NULL, "29"),
(1004,NOW(),NULL, "15"),
(1005,NOW(),NULL, "120"),
(1006,NOW(),NULL, "32"),
(1007,NOW(),NULL, "34"),
(1008,NOW(),NULL, "99"),
(1009,NOW(),NULL, "299"),
(1010,NOW(),NULL, "24"),
(1011,NOW(),NULL, "89"),
(1012,NOW(),NULL, "49"),
(1013,NOW(),NULL, "48"),
(1014,NOW(),NULL, "175"),
(1015,NOW(),NULL, "49"),
(1016,NOW(),NULL, "79"),
(1017,NOW(),NULL, "85"),
(1018,NOW(),NULL, "56"),
(1019,NOW(),NULL, "79"),
(1020,NOW(),NULL, "110"),
(1021,NOW(),NULL, "79"),
(1022,NOW(),NULL, "45"),
(1023,NOW(),NULL, "49"),
(1024,NOW(),NULL, "64"),
(1025,NOW(),NULL, "78"),
(1026,NOW(),NULL, "49"),
(1027,NOW(),NULL, "89"),
(1028,NOW(),NULL, "20"),
(1029,NOW(),NULL, "20");

INSERT INTO ProductsRatings (Product_id, date, rating, rating_count_0, rating_count_1, rating_count_2, rating_count_3, rating_count_4, rating_count_5 ) VALUES 
(1000,NOW(),5, 0, 0, 0, 0, 0, 1),
(1001,NOW(),4, 0, 0, 0, 0, 1, 0),
(1002,NOW(),3, 0, 0, 0, 1, 0, 0),
(1003,NOW(),5, 0, 0, 0, 0, 0, 1),
(1004,NOW(),4, 0, 0, 0, 0, 1, 0),
(1005,NOW(),4, 0, 0, 0, 0, 1, 0),
(1006,NOW(),3, 0, 0, 0, 1, 0, 0),
(1007,NOW(),5, 0, 0, 0, 0, 0, 1),
(1008,NOW(),4, 0, 0, 0, 0, 1, 0),
(1009,NOW(),3, 0, 0, 0, 1, 0, 0),
(1010,NOW(),4, 0, 0, 0, 0, 1, 0),
(1011,NOW(),4, 0, 0, 0, 0, 1, 0),
(1012,NOW(),5, 0, 0, 0, 0, 0, 1),
(1013,NOW(),3, 0, 0, 0, 1, 0, 0),
(1014,NOW(),5, 0, 0, 0, 0, 0, 1),
(1015,NOW(),4, 0, 0, 0, 0, 1, 0),
(1016,NOW(),3, 0, 0, 0, 1, 0, 0),
(1017,NOW(),4, 0, 0, 0, 0, 1, 0),
(1018,NOW(),5, 0, 0, 0, 0, 0, 1),
(1019,NOW(),4, 0, 0, 0, 0, 1, 0),
(1020,NOW(),4, 0, 0, 0, 0, 1, 0),
(1021,NOW(),3, 0, 0, 0, 1, 0, 0),
(1022,NOW(),4, 0, 0, 0, 0, 1, 0),
(1023,NOW(),5, 0, 0, 0, 0, 0, 1),
(1024,NOW(),4, 0, 0, 0, 0, 1, 0),
(1025,NOW(),4, 0, 0, 0, 0, 1, 0),
(1026,NOW(),3, 0, 0, 0, 1, 0, 0),
(1027,NOW(),3, 0, 0, 0, 1, 0, 0),
(1028,NOW(),5, 0, 0, 0, 0, 0, 1),
(1029,NOW(),5, 0, 0, 0, 0, 0, 1);

INSERT INTO ProductsInventory (Product_id, date, quantity) VALUES 
(1000,NOW(),24),
(1001,NOW(),61),
(1002,NOW(),2),
(1003,NOW(),25),
(1004,NOW(),73),
(1005,NOW(),0),
(1006,NOW(),5),
(1007,NOW(),23),
(1008,NOW(),2),
(1009,NOW(),63),
(1010,NOW(),0),
(1011,NOW(),23),
(1012,NOW(),74),
(1013,NOW(),0),
(1014,NOW(),8),
(1015,NOW(),34),
(1016,NOW(),12),
(1017,NOW(),42),
(1018,NOW(),41),
(1019,NOW(),63),
(1020,NOW(),0),
(1021,NOW(),6),
(1022,NOW(),62),
(1023,NOW(),2),
(1024,NOW(),0),
(1025,NOW(),52),
(1026,NOW(),3),
(1027,NOW(),35),
(1028,NOW(),15),
(1029,NOW(),25);

